{
    "engine": "datafusion-ray",
    "benchmark": "tpch",
    "settings": {
        "concurrency": 8,
        "batch_size": 8182,
        "prefetch_buffer_size": 0,
        "partitions_per_worker": null
    },
    "data_path": "file:///mnt/bigdata/tpch/sf100",
    "queries": {
        "1": 7.222118854522705,
        "2": 8.797776937484741,
        "3": 11.183124780654907,
        "4": 7.6282007694244385,
        "5": 20.619840383529663,
        "6": 3.466888427734375,
        "7": 29.999598026275635,
        "8": 22.716665267944336,
        "9": 38.37256050109863,
        "10": 25.540525197982788,
        "11": 6.4380128383636475,
        "12": 10.021047592163086,
        "13": 8.462335348129272,
        "14": 3.810248851776123,
        "15": 0.8309383392333984,
        "16": 3.692992925643921,
        "17": 32.96640610694885,
        "18": 50.401840925216675,
        "19": 4.988840818405151,
        "20": 7.992424011230469,
        "21": 47.60438632965088,
        "22": 3.4463324546813965
    }
}